Desktop_Software_Build_Version,1.7
Site_Name,,JH
Site_Number,,JH
Local_Start_Time,,2024-02-26 15:53:21
Local_End_Time,,2024-02-26 16:20:04
Local_Time_UTC_Offset_Hours,Hours,-4.0000
Operator,,David Hensley
Handheld_Serial_Number,,FT2H2345003
Handheld_Software_Version,,1.7
Wading Rod,,TopSetting
Handheld_Units_System,,Metric
Number_Of_Probes,,1
ADV_Serial_Number,,FT2P2342020
ADV_Firmware_Version,,1.30
ADV_Number_Of_Beams,,2
Comment,,
Calculations_Engine,,FlowTracker2
Number_Of_Stations,,14
Discharge_Equation,,MidSection
Rated_Discharge,m³/s,NaN
Rated_Height,m³/s,NaN
Minimum_Boundary_Status,,Best
Total_Width,m,2.6
Total_Area,m²,0.544
Total_Discharge,m³/s,0.003
Mean_Depth,m,0.209
Mean_Velocity_Vx,m/s,0.006
Mean_Velocity_Vy,m/s,-0.001
Mean_Velocity_Vz,m/s,NaN
Mean_SNR,dB,44.65
Mean_VxErr,m/s,0.001
Mean_VyErr,m/s,0.001
Mean_VzErr,m/s,0
Mean_Temp,°C,23.954

Quality_Control_Checks
Station_Spacing,,Pass
Station_Order,,Pass
Water_Depth,,Pass
Boundary_Interference,,Pass
Fractional_Depth,,Pass
Low_SNR,,Pass
Approaching_Low_SNR,,Pass
Beam_SNRs_Similar,,Pass
Large_SNR_Variation,,Pass
SNR_Threshold_Variation,,Pass
Velocity_Standard_Error,,Pass
Percent_Of_Spikes,,Pass
Velocity_Angle,,Pass
Rod_Angle,,Pass
Station_Discharge,,Pass
End_Edge_Location,,Pass
Noise_Level,,Pass
Peak_Location,,Pass
Peak_Shape,,Pass
Pre_Calculation_Validation,,Pass

Discharge_Uncertainty_ISO
Overall,%,7.876
Accuracy,%,1
Depth,%,1.102
Velocity,%,3.47
Width,%,0.393
Method,%,5.891
#_Stations,%,3.593

Discharge_Uncertainty_IVE
Overall,%,67.554
Accuracy,%,1
Depth,%,20.763
Velocity,%,64.275
Width,%,0.386

Supplemental_Data,#,0
Record_Number,Date_And_Time,Gauge_Height (m),Rated_Discharge (m³/s),Temperature (°C),Salinity (PSS-78),Comments

Automated_Beam_Check,#,0
Record_Number,Date_And_Time,Noise_Level_Check,SNR_Check,Peak_Location_Check,Peak_Shape_Check

St,Clock,GPSLat,GPSLon,Loc,LocY,FinalD,IceD,WsIceD,WsSlushD,%Dep,MeasD,Npts,Spike,VelX,VelY,VelZ,Angle,VxErr,VyErr,VzErr,SNR1,SNR2,SNR3,Bnd,Temp,Tilt,CorrFact,MeanV,Area,Flow,%Q
(#),(),(deg N),(deg E),(m),(m),(m),(m),(m),(m),(),(m),(#),(#),(m/s),(m/s),(m/s),(deg),(m/s),(m/s),(m/s),(dB),(dB),(dB),(),(°C),(deg),(),(m/s),(m²),(m³/s),(%)
000,15:53:26,NaN,NaN,4.7,NaN,0,NaN,NaN,NaN,NaN,NaN,0,0,NaN,NaN,NaN,NaN,NaN,NaN,NaN,NaN,NaN,NaN,Undefined,NaN,NaN,NaN,0.001,0,0,0
001,15:54:38,NaN,NaN,4.5,NaN,0.04,NaN,NaN,NaN,0.6,0.024,80,0,0.001,0,NaN,37.832,0,0,0,25.994,10.375,NaN,Best,23.982,3.414,1.00,0.001,0.008,0,0.132
002,15:56:06,NaN,NaN,4.3,NaN,0.2,NaN,NaN,NaN,0.6,0.12,80,0,-0.007,0,NaN,179.621,0,0,0,47.993,48.13,NaN,Best,23.893,0.662,1.00,-0.007,0.04,0,-9.062
003,15:57:36,NaN,NaN,4.1,NaN,0.31,NaN,NaN,NaN,0.6,0.186,80,0,-0.011,-0.004,NaN,-161.218,0,0,0,48.15,48.394,NaN,Best,23.864,0.832,1.00,-0.011,0.062,-0.001,-22.489
004,15:59:04,NaN,NaN,3.9,NaN,0.27,NaN,NaN,NaN,0.6,0.162,80,0,-0.001,-0.003,NaN,-106.073,0,0,0,48.31,48.109,NaN,Best,23.864,0.966,1.00,-0.001,0.054,0,-1.752
005,16:00:54,NaN,NaN,3.7,NaN,0.41,NaN,NaN,NaN,0.6,0.246,80,0,0.006,-0.002,NaN,-15.697,0,0,0,48.229,48.019,NaN,Best,23.9,0.434,1.00,0.006,0.082,0.001,16.578
006,16:02:53,17.73128N,064.86235W,3.5,NaN,0.42,NaN,NaN,NaN,0.6,0.252,80,0,-0.002,0,NaN,171.704,0.001,0,0,47.571,47.578,NaN,Best,23.927,0.738,1.00,-0.002,0.084,0,-4.779
007,16:05:23,NaN,NaN,3.3,NaN,0.36,NaN,NaN,NaN,0.6,0.216,80,0,-0.003,-0.003,NaN,-133.184,0.001,0.001,0,47.061,47.626,NaN,Best,23.938,1.292,1.00,-0.003,0.072,0,-6.336
008,16:06:52,NaN,NaN,3.1,NaN,0.2,NaN,NaN,NaN,0.6,0.12,80,0,0.047,-0.003,NaN,-4.148,0.001,0.001,0,46.866,46.422,NaN,Best,23.973,0.804,1.00,0.047,0.04,0.002,61.245
009,16:08:36,NaN,NaN,2.9,NaN,0.1,NaN,NaN,NaN,0.6,0.06,80,0,0.045,0.001,NaN,0.727,0.002,0.001,0,46.313,46.36,NaN,Best,24.007,0.645,1.00,0.045,0.02,0.001,29.056
010,16:11:49,17.73142N,064.86258W,2.7,NaN,0.12,NaN,NaN,NaN,0.6,0.072,80,0,0.019,-0.005,NaN,-15.678,0.002,0.001,0,46.434,45.651,NaN,Best,24.009,1.129,1.00,0.019,0.024,0,15.179
011,16:13:35,17.73143N,064.86263W,2.5,NaN,0.13,NaN,NaN,NaN,0.6,0.078,80,0,0.011,0.004,NaN,22.214,0.001,0.001,0,45.103,45.691,NaN,Best,24.045,0.528,1.00,0.011,0.026,0,9.105
012,16:15:22,17.73125N,064.86237W,2.3,NaN,0.14,NaN,NaN,NaN,0.6,0.084,80,0,0.013,0.002,NaN,10.325,0.001,0.001,0,45.722,45.498,NaN,Best,24.045,0.731,1.00,0.013,0.028,0,11.484
013,16:16:24,17.732,-64.863,2.1,NaN,0.04,NaN,NaN,NaN,NaN,NaN,0,0,NaN,NaN,NaN,NaN,NaN,NaN,NaN,NaN,NaN,NaN,Undefined,NaN,NaN,1.00,0.013,0.004,0,1.641
